<?xml version="1.0" encoding="UTF-8"?>
<!DOCTYPE xml>
<configuration>

	<property name="LOG_HOME" value="/data/container_log/log_ips_message" />
	<property name="PA_HOME"  value="/data/container_log/log_ips_panotify" />

	<property name="CONTEXT_NAME" value="ips_message" />
	<contextName>${CONTEXT_NAME}</contextName>

	<!-- 控制台输出 -->
	<appender name="STDOUT" class="ch.qos.logback.core.ConsoleAppender">
		<!-- 日志输出编码 -->
		<filter class="ch.qos.logback.classic.filter.ThresholdFilter">
			<level>OFF</level>
		</filter>
		<encoder>
			<pattern>%d{yyyyMMdd HH:mm:ss.SSS} [%t] %-5level %logger{50} %-4L - %msg%n</pattern>
		</encoder>
	</appender>
	
	<appender name="FILE"
		class="ch.qos.logback.core.rolling.RollingFileAppender">

		<filter class="ch.qos.logback.classic.filter.ThresholdFilter">
			<level>OFF</level>
		</filter>
		<rollingPolicy class="ch.qos.logback.core.rolling.TimeBasedRollingPolicy">
			<!-- 日志文件输出的文件名 -->
			<FileNamePattern>${LOG_HOME}/trace%d{yyyyMMdd.HH}.log</FileNamePattern>
		</rollingPolicy>
		<encoder>
			<!--格式化输出：%d表示日期，%thread表示线程名，%-5level：级别从左显示5个字符宽度%msg：日志消息，%n是换行符 -->
			<pattern>%d{HH:mm:ss.SSS} [%t] %-5level %logger{50} %-4L - %msg%n</pattern>
		</encoder>
	</appender>
	
	<appender name="monitor-file"
		class="ch.qos.logback.core.rolling.RollingFileAppender">
		<filter class="ch.qos.logback.classic.filter.ThresholdFilter">
			<level>INFO</level>
		</filter>
		<rollingPolicy class="ch.qos.logback.core.rolling.TimeBasedRollingPolicy">
			<FileNamePattern>${LOG_HOME}/monitor%d{yyyyMMdd}.log</FileNamePattern>
		</rollingPolicy>
		<encoder>
			<pattern>%msg%n</pattern>
		</encoder>
	</appender>



	<appender name="appenderPaMonitorLog" class="ch.qos.logback.core.rolling.RollingFileAppender">
		<filter class="ch.qos.logback.classic.filter.ThresholdFilter">
			<level>INFO</level>
		</filter>
		<rollingPolicy class="ch.qos.logback.core.rolling.TimeBasedRollingPolicy">
			<FileNamePattern>${PA_HOME}/monitor%d{yyyyMMdd}.log</FileNamePattern>
		</rollingPolicy>
		<encoder>
			<pattern>%msg%n</pattern>
		</encoder>
	</appender>
	<appender name="appenderPaTraceLog" class="ch.qos.logback.core.rolling.RollingFileAppender">
		<filter class="ch.qos.logback.classic.filter.ThresholdFilter">
			<level>OFF</level>
		</filter>
		<rollingPolicy class="ch.qos.logback.core.rolling.TimeBasedRollingPolicy">
			<FileNamePattern>${PA_HOME}/trace%d{yyyyMMdd.HH}.log</FileNamePattern>
		</rollingPolicy>
		<encoder>
			<pattern>%d{HH:mm:ss.SSS} [%t] %-5level %logger{50} %-4L - %msg%n</pattern>
		</encoder>
	</appender>

	
	<appender name="monitor-json-file"
		class="ch.qos.logback.core.rolling.RollingFileAppender">
		<filter class="ch.qos.logback.classic.filter.ThresholdFilter">
			<level>INFO</level>
		</filter>
		<rollingPolicy class="ch.qos.logback.core.rolling.TimeBasedRollingPolicy">
			<FileNamePattern>${LOG_HOME}/.json/monitor%d{yyyyMMdd}.log</FileNamePattern>
		</rollingPolicy>
		<encoder>
			<pattern>%msg%n</pattern>
		</encoder>
	</appender>
	
	<appender name="monitor-http-file"
		class="ch.qos.logback.core.rolling.RollingFileAppender">
		<filter class="ch.qos.logback.classic.filter.ThresholdFilter">
			<level>OFF</level>
		</filter>
		<rollingPolicy class="ch.qos.logback.core.rolling.TimeBasedRollingPolicy">
			<FileNamePattern>${LOG_HOME}/http/monitor%d{yyyyMMdd}.log</FileNamePattern>
		</rollingPolicy>
		<encoder>
			<pattern>%msg%n</pattern>
		</encoder>
	</appender>



	<logger name="loggerPaMonitor" additivity="false" level="INFO">
		<appender-ref ref="appenderPaMonitorLog" />
	</logger>

	<logger name="loggerPaTrace" additivity="false" level="INFO">
		<appender-ref ref="appenderPaTraceLog" />
	</logger>


	<!-- monitor 日志 -->
	<logger name="monitor" additivity="false" level="INFO">
		<appender-ref ref="monitor-file" />
	</logger>
	
	<!-- monitor json 日志 -->
	<logger name="monitor-json" additivity="false" level="INFO">
		<appender-ref ref="monitor-json-file" />
	</logger>
	
	<!-- monitor json 日志 -->
	<logger name="monitor-http" additivity="false" level="INFO">
		<appender-ref ref="monitor-http-file" />
	</logger>

	<logger name="io.vertx" level="ERROR"/>

	<!-- root级别 DEBUG -->
	<root>
		<!-- 打印debug级别日志及以上级别日志 -->
		<level value="info" />
		<!-- 控制台输出 stdout will write to /var/log/message syslog, comment it -->
		<!-- <appender-ref ref="STDOUT" /> -->
		<!-- 文件输出 -->
		<appender-ref ref="FILE" />
	</root>

</configuration>
