<?xml version="1.0" encoding="UTF-8"?>

<configuration>
	<!--application.yml 传递参数，不能使用logback 自带的<property>标签 -->
	<springProperty scope="context" name="logback.logdir"
		source="logback.logdir" />
	<!-- <property name="logback.logdir" value="D:\\logs\\"/> -->

	<!-- <appender name="ErrorFile" class="ch.qos.logback.core.rolling.RollingFileAppender"> 
		如果只是想要 Info 级别的日志，只是过滤 info 还是会输出 Error 日志，因为 Error 的级别高， 所以我们使用下面的策略，可以避免输出 
		Error 的日志 <filter class="ch.qos.logback.classic.filter.LevelFilter"> 过滤 Error 
		<level>ERROR</level> 匹配到就允许 <onMatch>ACCEPT</onMatch> 没有匹配到就禁止 <onMismatch>DENY 
		</onMismatch> </filter> 日志名称，如果没有File 属性，那么只会使用FileNamePattern的文件路径规则 如果同时有<File>和<FileNamePattern>，那么当天日志是<File>，明天会自动把今天 
		的日志改名为今天的日期。即，<File> 的日志都是当天的。 <File>${logback.logdir}error.%d{yyyyMMdd}.log</File> 
		滚动策略，按照时间滚动 TimeBasedRollingPolicy <rollingPolicy class="ch.qos.logback.core.rolling.TimeBasedRollingPolicy"> 
		文件路径,定义了日志的切分方式——把每一天的日志归档到一个文件中,以防止日志填满整个磁盘空间 <fileNamePattern>${logback.logdir}error.%d{yyyyMMdd}.log</fileNamePattern> 
		只保留最近200天的日志 <MaxHistory>200</MaxHistory> 用来指定日志文件的上限大小，那么到了这个值，就会删除旧的日志 
		<totalSizeCap>512MB</totalSizeCap> <timeBasedFileNamingAndTriggeringPolicy 
		class="ch.qos.logback.core.rolling.SizeAndTimeBasedFNATP"> <maxFileSize>200MB</maxFileSize> 
		</timeBasedFileNamingAndTriggeringPolicy> </rollingPolicy> 日志输出编码格式化 <encoder> 
		<pattern>[%d{HH:mm:ss.SSS}][%thread][%X{LOG_ID}][%level][%c.%M:%L][%msg]%n 
		</pattern> <charset>utf-8</charset> </encoder> </appender> -->

	<!--输出到控制台 ConsoleAppender -->
	<appender name="consoleLog"
		class="ch.qos.logback.core.ConsoleAppender">
		<!--展示格式 layout -->
		<encoder>
			<pattern>[%d{HH:mm:ss.SSS}][%thread][%X{LOG_ID}][%level][%c.%M:%L][%msg]%n
			</pattern>
			<charset>UTF-8</charset>
		</encoder>
	</appender>
	
	<appender name="INFOFile"
		class="ch.qos.logback.core.rolling.RollingFileAppender">
		<!--如果只是想要 Error 级别的日志，那么需要过滤一下，默认是 info 级别的，ThresholdFilter -->
		<!-- <filter class="ch.qos.logback.classic.filter.ThresholdFilter"> <level>INFO</level> 
			</filter> -->

		<!--日志名称，如果没有File 属性，那么只会使用FileNamePattern的文件路径规则 如果同时有<File>和<FileNamePattern>，那么当天日志是<File>，明天会自动把今天 
			的日志改名为今天的日期。即，<File> 的日志都是当天的。 -->
		<!-- <File>${logback.logdir}info.%d{yyyyMMdd}.log</File> -->

		<!--滚动策略，按照时间滚动 TimeBasedRollingPolicy -->
		<rollingPolicy
			class="ch.qos.logback.core.rolling.TimeBasedRollingPolicy">
			<!--文件路径,定义了日志的切分方式——把每一天的日志归档到一个文件中,以防止日志填满整个磁盘空间 -->
			<FileNamePattern>${logback.logdir}info.%d{yyyyMMdd}.log
			</FileNamePattern>
			<!--只保留最近200天的日志 -->
			<maxHistory>200</maxHistory>
			<!--用来指定日志文件的上限大小，那么到了这个值，就会删除旧的日志 -->
			<totalSizeCap>512MB</totalSizeCap>
		</rollingPolicy>

		<!--日志输出编码格式化 -->
		<encoder>
			<charset>UTF-8</charset>
			<pattern>[%d{HH:mm:ss.SSS}][%thread][%X{LOG_ID}][%level][%c.%M:%L][%msg]%n
			</pattern>
		</encoder>
	</appender>
	<!-- <appender name="DEBUGFile" class="ch.qos.logback.core.rolling.RollingFileAppender"> 
		<filter class="ch.qos.logback.classic.filter.LevelFilter"> <level>DEBUG</level> 
		<onMatch>ACCEPT</onMatch> <onMismatch>DENY </onMismatch> </filter> 日志名称，如果没有File 
		属性，那么只会使用FileNamePattern的文件路径规则 如果同时有<File>和<FileNamePattern>，那么当天日志是<File>，明天会自动把今天 
		的日志改名为今天的日期。即，<File> 的日志都是当天的。 <File>${logback.logdir}debug.%d{yyyyMMdd}.log</File> 
		滚动策略，按照时间滚动 TimeBasedRollingPolicy <rollingPolicy class="ch.qos.logback.core.rolling.TimeBasedRollingPolicy"> 
		文件路径,定义了日志的切分方式——把每一天的日志归档到一个文件中,以防止日志填满整个磁盘空间 <FileNamePattern>${logback.logdir}debug.%d{yyyyMMdd}.log</FileNamePattern> 
		只保留最近200天的日志 <maxHistory>200</maxHistory> 用来指定日志文件的上限大小，那么到了这个值，就会删除旧的日志 
		<totalSizeCap>512MB</totalSizeCap> </rollingPolicy> 日志输出编码格式化 <encoder> <charset>UTF-8</charset> 
		<pattern>[%d{HH:mm:ss.SSS}][%thread][%X{LOG_ID}][%level][%c.%M:%L][%msg]%n 
		</pattern> </encoder> </appender> -->

	<appender name="TRACEFile"
		class="ch.qos.logback.core.rolling.RollingFileAppender">
		<!--日志名称，如果没有File 属性，那么只会使用FileNamePattern的文件路径规则 如果同时有<File>和<FileNamePattern>，那么当天日志是<File>，明天会自动把今天 
			的日志改名为今天的日期。即，<File> 的日志都是当天的。 -->
		<!-- <File>${logback.logdir}trace.%d{yyyyMMdd}.log</File> -->

		<!--滚动策略，按照时间滚动 TimeBasedRollingPolicy -->
		<rollingPolicy
			class="ch.qos.logback.core.rolling.TimeBasedRollingPolicy">
			<!--文件路径,定义了日志的切分方式——把每一天的日志归档到一个文件中,以防止日志填满整个磁盘空间 -->
			<FileNamePattern>${logback.logdir}trace.%d{yyyyMMdd}.%d{HH}.log
			</FileNamePattern>
			<!--只保留最近200天的日志 -->
			<maxHistory>200</maxHistory>
			<!--用来指定日志文件的上限大小，那么到了这个值，就会删除旧的日志 -->
			<totalSizeCap>512MB</totalSizeCap>
		</rollingPolicy>

		<!--日志输出编码格式化 -->
		<encoder>
			<charset>UTF-8</charset>
			<pattern>[%d{HH:mm:ss.SSS}][%thread][%X{LOG_ID}][%level][%c.%M:%L][%msg]%n
			</pattern>
		</encoder>
	</appender>

	<appender name="MONITORFile"
		class="ch.qos.logback.core.rolling.RollingFileAppender">
		<rollingPolicy
			class="ch.qos.logback.core.rolling.TimeBasedRollingPolicy">
			<MaxHistory>200</MaxHistory>
			<fileNamePattern>${logback.logdir}monitor.%d{yyyyMMdd}.log
			</fileNamePattern>
			<!--用来指定日志文件的上限大小，那么到了这个值，就会删除旧的日志 -->
			<totalSizeCap>512MB</totalSizeCap>
		</rollingPolicy>
		<encoder>
			<pattern>%d{HH:mm:ss} %5X{LOG_TC} %X{LOG_ID} %msg %n
			</pattern>
			<charset>UTF-8</charset>
		</encoder>
		<filter class="ch.qos.logback.classic.filter.LevelFilter">
			<level>INFO</level>
			<onMatch>ACCEPT</onMatch>
			<onMismatch>DENY </onMismatch>
		</filter>
	</appender>

		<logger name="com.ebankunion.invoice" level="INFO"
			additivity="false">
			<appender-ref ref="TRACEFile" />
		</logger>

		<logger name="MONITOR" level="INFO" additivity="false">
			<appender-ref ref="MONITORFile" />
		</logger>

		<root level="error">
			<!-- <appender-ref ref="ErrorFile" /> -->
			<appender-ref ref="INFOFile" />
			<!-- <appender-ref ref="DEBUGFile" /> -->
			<!-- <appender-ref ref="TRACEFile" /> -->
		</root>

	<!-- 测试环境、开发环境. -->
	<!-- 多个使用逗号隔开. -->
	<springProfile name="test,dev">
		<logger name="com.ebankunion.invoice" level="DEBUG"
			additivity="false">
			<appender-ref ref="TRACEFile" />
			<appender-ref ref="consoleLog" />
		</logger>

		<logger name="MONITOR" level="INFO" additivity="false">
			<appender-ref ref="MONITORFile" />
			<appender-ref ref="consoleLog" />
		</logger>

		<root level="info">
			<appender-ref ref="INFOFile" />
			<appender-ref ref="consoleLog" />
		</root>
	</springProfile>


	<springProperty scope="context" name="invoicepLogDir" source="invoicep.logdir" defaultValue="/data/container_log/log_ips_invoicep" />
	<appender name="appenderInvoicepMonitor" class="ch.qos.logback.core.rolling.RollingFileAppender">
		<filter class="ch.qos.logback.classic.filter.ThresholdFilter">
			<level>INFO</level>
		</filter>
		<rollingPolicy class="ch.qos.logback.core.rolling.TimeBasedRollingPolicy">
			<FileNamePattern>${invoicepLogDir}/monitor%d{yyyyMMdd}.log</FileNamePattern>
		</rollingPolicy>
		<encoder>
			<pattern>d{HH:mm:ss.SSS} %5X{LOG_TC} %X{LOG_ID} %msg%n</pattern>
			<charset>UTF-8</charset>
		</encoder>
	</appender>

	<appender name="appenderInvoicepTraceLog" class="ch.qos.logback.core.rolling.RollingFileAppender">
		<rollingPolicy class="ch.qos.logback.core.rolling.TimeBasedRollingPolicy">
			<FileNamePattern>${invoicepLogDir}/trace%d{yyyyMMdd.HH}.log</FileNamePattern>
		</rollingPolicy>
		<encoder>
			<pattern>[%X{LOG_ID}][%d{HH:mm:ss.SSS}][%thread][%level][%c.%M:%-4L] - %msg%n</pattern>
		</encoder>
	</appender>

	<appender name="appender2InvoicepTraceLog2" class="ch.qos.logback.core.rolling.RollingFileAppender">
		<rollingPolicy class="ch.qos.logback.core.rolling.TimeBasedRollingPolicy">
			<FileNamePattern>${invoicepLogDir}/ddtrace%d{yyyyMMdd.HH}.log</FileNamePattern>
		</rollingPolicy>
		<encoder>
			<pattern>[%X{LOG_ID}][%d{HH:mm:ss.SSS}][%thread][%level][%logger.%M:%-4L] - %msg%n</pattern>
		</encoder>
	</appender>

	<logger name="invoicepTrace" level="INFO" additivity="false">
		<appender-ref ref="appender2InvoicepTraceLog2" />
	</logger>

	<logger name="invoicepMonitor" level="INFO" additivity="false">
		<appender-ref ref="appenderInvoicepMonitor" />
	</logger>

	<logger name="com.ebankunion.invoicep" level="INFO" additivity="false">
		<appender-ref ref="appenderInvoicepTraceLog" />
	</logger>

</configuration>