{
    "kafka": {
        "bootstrap.servers":"10.8.5.138:9092,10.8.5.136:9092,10.8.5.137:9092",
        "key.deserializer":"org.apache.kafka.common.serialization.StringDeserializer",
        "value.deserializer":"org.apache.kafka.common.serialization.StringDeserializer",
        "key.deserializer.encoding":"GBK",
        "value.deserializer.encoding":"GBK",
        "group.id":"ips_message_group_test1_uniqe",
        "auto.offset.reset":"earliest",
        "enable.auto.commit":"true"
    },
	"kafkaTopics":"ksett,ksett_allocate,pingAn_notify,zbx_notify,comm_notify,jiguang_push",
	"smallAppMerc":"010355",
	"noFeelingAllowedTopic":"ksett",


	"paNotifyTopic"        : "pingAn_notify",
	"paNotifyTimeout"      : 35,
	"paNotifyUrlOfPM"      : "http://api.gateway.com:80/merchant/service",
	"paNotifyTimeToLive"   : 86400,
	"paNotifyMaxCount"     : 1000,

	"zhongBaoXinTopic"     : "zbx_notify",
	"zhongBaoXinNcaspURL"  : "http://api.gateway.com:80/ncasp/zbx/queryauth",
	"zhongBaoXinMccode"    : "000001",

	"commonTopic"          : "comm_notify",
	"commonTopicComment"   : "this topic is for zhouz common callback notification",

	"smsPromptUrl"         : "https://testpos.ebankunion.com/h5public/view/promotion",

	"sztJiguangTopic"      : "jiguang_push",

	"jieshuanType":"122",
	"funcTypeAllowed":{
		"ksett":"120,175,330,127",
		"ksett_allocate":"122",
		"mycomment":"config function type allowed in each topicname, not configured topicname will not allowed"
	},
	"mccodeAllowed":{
		"ksett":"000484,000485,010345",
		"ksett_allocate":"000339",
		"mycomment":"config mccode allowed in each topicname, not configured topicname will not allowed"
	},
    "wx":{
		"ipsTokenURL"  :"http://api.gateway.com:80/ips/token/gettoken",
		"ipsSMSsendURL":"http://api.gateway.com:80/ips/sms/send",
		"ipsTimout"    :10,
		"wxTimout"     :35,
		"smallAppWxUrl":"https://api.weixin.qq.com:443/cgi-bin/message/wxopen/template/send",
		"officialAccountUrl":"https://api.weixin.qq.com:443/cgi-bin/message/template/send",
        "retryTimes":3,
        "retryTimePeriod":10,
        "retryCode":"8999"
    },
    "tddl":{
        "scheme":"http",
        "host":"api.gateway.com",
        "port":80,
        "query":"/tddl/general/query",
        "collection":"ips_push",
        "database":"ips",
        "usertoken":"ips_message",
        "timeout":35,
        "retryTimes":3,
        "retryTimePeriod":10,
		"retryCode":"8999",
		"mongoQuery":"/tddl/mongodb/front/query",
		"mongoInsert":"/tddl/mongodb/front/insert",
		"mongoUpdate":"/tddl/mongodb/front/update"
    },
    "scanPeriod":5,
    "mysql_jstt":{
		"host" : "mysqlms.gb.com",
		"port" : 3306,
		"maxPoolSize" : 10,
		"username" : "jstt",
		"password" : "ybs123ABttt",
		"database" : "jstt", 
		"queryTimeout" : 1000
	},

	"jiguang" : {
		"scheme" : "https",
		"host" : "bjapi.push.jiguang.cn",
		"port" : 443,
		"uri" : "/v3/push",
		"timeout" : 60,
		"username" : "41b7bcc8bd078992a09b970f",
		"password" : "0e56e53df4414649cb850f10"
	},

	"xg" : {
		"scheme" : "https",
		"host" : "openapi.xg.qq.com",
		"port" : 443,
		"uri" : "/v3/push/app",
		"timeout" : 60,
		"username" : "aa64ae2853280",
		"password" : "1b6df9e4f148da88d7739317136ca6b6"
	}
}
